order_year_month,payment_value
2018-09,1653912.4576315794
2018-10,1717556.429977444
2018-11,1781200.4023233086
